FID,time,profile,depth,segment,distance,start_latitude,start_longitude,start_time,bottom_depth,ctd_bottle_closure_time,ctd_pressure,ctd_depth,ctd_latitude,ctd_longitude,ctd_temperature_1,ctd_temperature_2,ctd_conductivity_1,ctd_conductivity_2,ctd_salinity_1,ctd_salinity_2,ctd_oxygen,ctd_oxygen_saturation,ctd_fluorescence,ctd_beam_attenuation,ctd_beam_transmission,ctd_ph,discrete_oxygen,discrete_chlorophyll,discrete_phaeopigment,discrete_fofa_ratio,discrete_phosphate,discrete_silicate,discrete_nitrate,discrete_nitrite,discrete_ammonium,discrete_salinity,discrete_dic,discrete_pco2,pco2_analysis_temp,calculated_alkalinity,calculated_ph,calculated_co2aq,calculated_bicarb,calculated_co3,calculated_omega_c,calculated_omega_a,geom,source,source_id
fffe2293-19ad-55f4-83dd-1e97b5854063.1,2017-07-27T23:37:00,16,220.391006,0,0,44.37405,-124.95625,2017-07-27T23:37:00,5000,2017-07-27T23:46:00,192.816,,,,7.3815,,3.453588,,33.7067,,,,,,,,,0.043,0.122,1.26,,,,,,33.994,,,,,,,,,,,POINT (-124.95625 44.37405),ooi.ocdi.ocdi,Cabled-8_RR1713-RR1717_Discrete_Summary
fffe2293-19ad-55f4-83dd-1e97b5854063.2,2017-07-27T23:37:00,16,220.391006,0,1.37,44.37406,-124.95624,2017-07-27T23:37:00,5000,2017-07-27T23:42:00,192.898,,,,7.3803,,3.444809,,33.6126,,,,,,,,,0.027,0.099,1.21,,,,,,33.996,,,,,,,,,,,POINT (-124.95624 44.37406),ooi.ocdi.ocdi,Cabled-8_RR1713-RR1717_Discrete_Summary
fffe2293-19ad-55f4-83dd-1e97b5854063.3,2017-07-27T23:37:00,16,220.391006,0,1.37,44.37406,-124.95624,2017-07-27T23:37:00,5000,2017-07-27T23:42:00,192.898,,,,7.3803,,3.444809,,33.6126,,,,,,,,,,,,,,,,,,,,,,,,,,,,POINT (-124.95624 44.37406),ooi.ocdi.ocdi,Cabled-8_RR1713-RR1717_Discrete_Summary
fffe2293-19ad-55f4-83dd-1e97b5854063.4,2017-07-28T19:06:26,0,550.835999,0,485.299988,44.37417,-124.95017,2017-07-28T19:06:26,5000,2017-07-28T19:31:30,556.058,550.836,44.3743,-124.95018,5.4945,5.495,3.339645,3.339875,34.1355,34.1377,22.294072,314.021298,0.0653,12.4556,4.4428,7.554,,,,,,,,,,34.14,,,,,,,,,,,POINT (-124.95017 44.37417),ooi.ocdi.ocdi,Cabled-8_RR1713-RR1717_Discrete_Summary
fffe2293-19ad-55f4-83dd-1e97b5854063.5,2017-07-28T19:06:26,0,401.492004,0,485.299988,44.37417,-124.95017,2017-07-28T19:06:26,5000,2017-07-28T19:37:02,405.151,401.492,44.37432,-124.95022,6.2909,6.2901,3.398053,3.398187,34.0672,34.0695,38.197356,308.36248,0.0618,12.3453,4.567,7.581,,,,,,,,,,34.071,,,,,,,,,,,POINT (-124.95017 44.37417),ooi.ocdi.ocdi,Cabled-8_RR1713-RR1717_Discrete_Summary
fffe2293-19ad-55f4-83dd-1e97b5854063.6,2017-07-28T19:06:26,0,202.395004,0,485.299988,44.37417,-124.95017,2017-07-28T19:06:26,5000,2017-07-28T19:41:48,204.141,202.395,44.37432,-124.9502,7.2299,7.2302,3.465166,3.46542,33.9753,33.9777,59.17397,301.946235,0.0654,12.3744,4.5339,7.637,79.021041,,,,,,,,,33.98,,,,,,,,,,,POINT (-124.95017 44.37417),ooi.ocdi.ocdi,Cabled-8_RR1713-RR1717_Discrete_Summary
fffe2293-19ad-55f4-83dd-1e97b5854063.7,2017-07-28T19:06:26,0,202.268997,0,485.299988,44.37417,-124.95017,2017-07-28T19:06:26,5000,2017-07-28T19:41:27,204.014,202.269,44.37432,-124.95022,7.2294,7.2298,3.465126,3.465381,33.9753,33.9777,59.106981,301.949361,0.0671,12.3743,4.5339,7.636,84.790044,0.034,0.175,1.16,2.59,46.12,34.11,0.03,0.07,,,,,,,,,,,,POINT (-124.95017 44.37417),ooi.ocdi.ocdi,Cabled-8_RR1713-RR1717_Discrete_Summary
fffe2293-19ad-55f4-83dd-1e97b5854063.8,2017-07-28T19:06:26,0,182.735992,0,485.299988,44.37417,-124.95017,2017-07-28T19:06:26,5000,2017-07-28T19:43:02,184.303,182.736,44.37432,-124.9502,7.353,7.3533,3.474668,3.474925,33.9674,33.9699,63.028093,301.114227,0.0666,12.3622,4.5477,7.649,,0.04,0.143,1.21,2.57,46,33.59,0.02,0.03,,,,,,,,,,,,POINT (-124.95017 44.37417),ooi.ocdi.ocdi,Cabled-8_RR1713-RR1717_Discrete_Summary
fffe2293-19ad-55f4-83dd-1e97b5854063.9,2017-07-28T19:06:26,0,142.679001,0,485.299988,44.37417,-124.95017,2017-07-28T19:06:26,5000,2017-07-28T19:44:59,143.889,142.679,44.37432,-124.95022,7.637,7.6378,3.495622,3.495912,33.9362,33.9386,72.938059,299.23763,0.0986,12.3627,4.5472,7.668,,0.127,0.156,1.44,2.43,41.8,31.96,0.03,0.06,,,,,,,,,,,,POINT (-124.95017 44.37417),ooi.ocdi.ocdi,Cabled-8_RR1713-RR1717_Discrete_Summary
fffe2293-19ad-55f4-83dd-1e97b5854063.10,2017-07-28T19:06:26,0,12.801,0,485.299988,44.37417,-124.95017,2017-07-28T19:06:26,5000,2017-07-28T19:54:24,12.906,12.801,44.3743,-124.9502,10.0804,10.0802,3.585444,3.58581,32.6429,32.6468,204.652617,285.808042,12.2,13.3762,3.5298,8.061,313.980317,,,,,,,,,,,,,,,,,,,,POINT (-124.95017 44.37417),ooi.ocdi.ocdi,Cabled-8_RR1713-RR1717_Discrete_Summary
fffe2293-19ad-55f4-83dd-1e97b5854063.11,2017-07-28T19:06:26,0,103.086998,0,485.299988,44.37417,-124.95017,2017-07-28T19:06:26,5000,2017-07-28T19:47:32,103.951,103.087,44.3743,-124.9502,8.0083,8.0086,3.520609,3.520888,33.8631,33.8658,87.090686,296.87871,0.132,12.3531,4.558,7.725,114.926233,0.122,0.126,1.48,2.29,36.64,30.29,0.04,0.19,,,,,,,,,,,,POINT (-124.95017 44.37417),ooi.ocdi.ocdi,Cabled-8_RR1713-RR1717_Discrete_Summary
fffe2293-19ad-55f4-83dd-1e97b5854063.12,2017-07-28T19:06:26,0,103.008003,0,485.299988,44.37417,-124.95017,2017-07-28T19:06:26,5000,2017-07-28T19:47:43,103.871,103.008,44.3743,-124.9502,8.0084,8.0086,3.520613,3.520892,33.8631,33.8658,86.947775,296.878264,0.141,12.3549,4.556,7.728,138.05443,,,,,,,,,,,,,,,,,,,,POINT (-124.95017 44.37417),ooi.ocdi.ocdi,Cabled-8_RR1713-RR1717_Discrete_Summary
fffe2293-19ad-55f4-83dd-1e97b5854063.13,2017-07-28T19:06:26,0,83.174004,0,485.299988,44.37417,-124.95017,2017-07-28T19:06:26,5000,2017-07-28T19:49:00,83.867,83.174,44.3743,-124.95022,8.4049,8.4051,3.547212,3.547477,33.7736,33.7762,89.631817,294.418413,0.154,12.3644,4.5452,7.725,,0.18,0.139,1.56,2.24,33.39,28.88,0.03,0.08,,,,,,,,,,,,POINT (-124.95017 44.37417),ooi.ocdi.ocdi,Cabled-8_RR1713-RR1717_Discrete_Summary
fffe2293-19ad-55f4-83dd-1e97b5854063.14,2017-07-28T19:06:26,0,62.858002,0,485.299988,44.37417,-124.95017,2017-07-28T19:06:26,5000,2017-07-28T19:50:18,63.378,62.858,44.3743,-124.95021,8.5134,8.5143,3.538109,3.538614,33.5834,33.5878,93.025947,294.068282,0.282,12.368,4.5411,7.741,,0.417,0.197,1.67,2.09,30.58,26.26,0.09,0.24,,,,,,,,,,,,POINT (-124.95017 44.37417),ooi.ocdi.ocdi,Cabled-8_RR1713-RR1717_Discrete_Summary
fffe2293-19ad-55f4-83dd-1e97b5854063.15,2017-07-28T19:06:26,0,42.766998,0,485.299988,44.37417,-124.95017,2017-07-28T19:06:26,5000,2017-07-28T19:51:51,43.119,42.767,44.3743,-124.9502,8.7732,8.7538,3.522328,3.522985,33.1815,33.2066,123.67583,293.132663,0.946,12.3914,4.5146,7.807,,1.221,0.48,1.71,1.85,23.19,21.63,0.15,0.31,33.271,,,,,,,,,,,POINT (-124.95017 44.37417),ooi.ocdi.ocdi,Cabled-8_RR1713-RR1717_Discrete_Summary
fffe2293-19ad-55f4-83dd-1e97b5854063.16,2017-07-28T19:06:26,0,22.853001,0,485.299988,44.37417,-124.95017,2017-07-28T19:06:26,5000,2017-07-28T19:53:05,23.04,22.853,44.37428,-124.9502,9.2739,9.3193,3.53891,3.54136,32.898,32.8815,153.258349,290.429418,4.93,12.5376,4.3527,7.913,,1.459,0.485,1.74,1.18,8.62,10.31,0.13,0.5,,,,,,,,,,,,POINT (-124.95017 44.37417),ooi.ocdi.ocdi,Cabled-8_RR1713-RR1717_Discrete_Summary
fffe2293-19ad-55f4-83dd-1e97b5854063.17,2017-07-28T19:06:26,0,12.929,0,485.299988,44.37417,-124.95017,2017-07-28T19:06:26,5000,2017-07-28T19:54:12,13.035,12.929,44.3743,-124.9502,10.0653,10.0689,3.584216,3.584864,32.644,32.6474,206.778414,285.899594,12.1,13.328,3.5721,8.042,314.265184,19.855,1.757,1.9,0.71,3.53,1.63,0.05,0.16,32.659,,,,,,,,,,,POINT (-124.95017 44.37417),ooi.ocdi.ocdi,Cabled-8_RR1713-RR1717_Discrete_Summary
fffe2293-19ad-55f4-83dd-1e97b5854063.18,2017-07-28T19:06:26,0,123.109001,0,485.299988,44.37417,-124.95017,2017-07-28T19:06:26,5000,2017-07-28T19:46:23,124.147,123.109,44.37432,-124.9502,7.8429,7.8434,3.509693,3.509991,33.8968,33.8995,85.357893,297.922852,0.0752,12.3521,4.5592,7.71,,0.089,0.251,1.26,2.31,37.56,30.33,0.04,0.24,,,,,,,,,,,,POINT (-124.95017 44.37417),ooi.ocdi.ocdi,Cabled-8_RR1713-RR1717_Discrete_Summary
fffe2293-19ad-55f4-83dd-1e97b5854063.19,2017-07-28T19:06:26,0,12.929,0,485.299988,44.37417,-124.95017,2017-07-28T19:06:26,5000,2017-07-28T19:54:12,13.035,12.929,44.3743,-124.9502,10.0653,10.0689,3.584216,3.584864,32.644,32.6474,206.778414,285.899594,12.1,13.328,3.5721,8.042,,,,,,,,,,32.664,,,,,,,,,,,POINT (-124.95017 44.37417),ooi.ocdi.ocdi,Cabled-8_RR1713-RR1717_Discrete_Summary
fffe2293-19ad-55f4-83dd-1e97b5854063.20,2017-07-30T11:01:22,1,2603.240967,0,411093.125,45.83017,-129.74617,2017-07-30T11:01:22,5000,2017-07-30T11:58:56,2641.242,2603.241,45.83016,-129.74628,1.7976,1.7982,3.141899,3.141969,34.6276,34.6277,57.347392,342.500278,0.0506,12.3158,4.6007,,81.34245,,,,,,,,,34.63,,,,,,,,,,,POINT (-129.74617 45.83017),ooi.ocdi.ocdi,Cabled-8_RR1713-RR1717_Discrete_Summary
fffe2293-19ad-55f4-83dd-1e97b5854063.21,2017-07-30T11:01:22,1,2602.947998,0,411093.125,45.83017,-129.74617,2017-07-30T11:01:22,5000,2017-07-30T11:59:07,2640.943,2602.948,45.83016,-129.74628,1.7976,1.7982,3.141887,3.141961,34.6276,34.6278,57.369722,342.500725,0.051,12.3166,4.5998,,84.030973,,,,,,,,,34.629,,,,,,,,,,,POINT (-129.74617 45.83017),ooi.ocdi.ocdi,Cabled-8_RR1713-RR1717_Discrete_Summary
fffe2293-19ad-55f4-83dd-1e97b5854063.22,2017-07-30T11:01:22,1,220.602005,0,411093.125,45.83017,-129.74617,2017-07-30T11:01:22,5000,2017-07-30T12:42:21,222.544,220.602,45.83016,-129.74628,6.8342,6.8315,3.423731,3.423651,33.9019,33.9037,102.056118,304.845536,0.0573,12.3279,4.5868,,,0.012,0.029,1.3,2.22,42,30.42,0.02,0.05,33.907,,,,,,,,,,,POINT (-129.74617 45.83017),ooi.ocdi.ocdi,Cabled-8_RR1713-RR1717_Discrete_Summary
fffe2293-19ad-55f4-83dd-1e97b5854063.23,2017-07-30T11:01:22,1,220.593994,0,411093.125,45.83017,-129.74617,2017-07-30T11:01:22,5000,2017-07-30T12:42:36,222.536,220.594,45.83014,-129.74629,6.8352,6.8388,3.423811,3.424286,33.9017,33.9034,102.216892,304.838391,0.0582,12.3283,4.5864,,,,,,2.23,41.88,30.41,0.04,0.13,,,,,,,,,,,,POINT (-129.74617 45.83017),ooi.ocdi.ocdi,Cabled-8_RR1713-RR1717_Discrete_Summary
fffe2293-19ad-55f4-83dd-1e97b5854063.24,2017-07-30T11:01:22,1,201.205002,0,411093.125,45.83017,-129.74617,2017-07-30T11:01:22,5000,2017-07-30T12:44:14,202.967,201.205,45.83016,-129.74628,7.1462,7.1464,3.449697,3.449868,33.8891,33.8909,111.175608,302.695623,0.0575,12.3318,4.5824,,176.837014,,,,2.17,39.32,29.06,0.04,0.05,,,,,,,,,,,,POINT (-129.74617 45.83017),ooi.ocdi.ocdi,Cabled-8_RR1713-RR1717_Discrete_Summary
fffe2293-19ad-55f4-83dd-1e97b5854063.25,2017-07-30T11:01:22,1,180.046997,0,411093.125,45.83017,-129.74617,2017-07-30T11:01:22,5000,2017-07-30T12:45:34,181.614,180.047,45.83016,-129.7463,7.4918,7.4932,3.478529,3.478837,33.8749,33.8769,123.095255,300.346528,0.0603,12.3879,4.5211,,,0.049,0.039,1.55,1.97,33.71,26.44,0.04,0.08,33.881,,,,,,,,,,,POINT (-129.74617 45.83017),ooi.ocdi.ocdi,Cabled-8_RR1713-RR1717_Discrete_Summary
fffe2293-19ad-55f4-83dd-1e97b5854063.26,2017-07-30T11:01:22,1,179.964005,0,411093.125,45.83017,-129.74617,2017-07-30T11:01:22,5000,2017-07-30T12:45:46,181.531,179.964,45.83016,-129.74629,7.4996,7.5038,3.479093,3.479708,33.8735,33.876,123.635637,300.29651,0.0621,12.3272,4.5877,,,,,,1.97,34.62,26.44,0.02,0.04,,,,,,,,,,,,POINT (-129.74617 45.83017),ooi.ocdi.ocdi,Cabled-8_RR1713-RR1717_Discrete_Summary
fffe2293-19ad-55f4-83dd-1e97b5854063.27,2017-07-30T11:01:22,1,159.809006,0,411093.125,45.83017,-129.74617,2017-07-30T11:01:22,5000,2017-07-30T12:46:55,161.192,159.809,45.83014,-129.7463,7.6988,7.7052,3.494059,3.494708,33.8509,33.8517,124.323394,298.985304,0.0623,12.3286,4.586,,,,,,1.95,31.88,26.17,0.02,0.02,33.851,,,,,,,,,,,POINT (-129.74617 45.83017),ooi.ocdi.ocdi,Cabled-8_RR1713-RR1717_Discrete_Summary
fffe2293-19ad-55f4-83dd-1e97b5854063.28,2017-07-30T11:01:22,1,60.585999,0,411093.125,45.83017,-129.74617,2017-07-30T11:01:22,5000,2017-07-30T12:50:37,61.096,60.586,45.83014,-129.74628,9.8223,9.8217,3.560182,3.560356,32.5986,32.6009,230.336353,287.503767,1.8,12.4454,4.4541,,,0.282,0.153,1.64,,,,,,32.611,,,,,,,,,,,POINT (-129.74617 45.83017),ooi.ocdi.ocdi,Cabled-8_RR1713-RR1717_Discrete_Summary
fffe2293-19ad-55f4-83dd-1e97b5854063.29,2017-07-30T11:01:22,1,40.209999,0,411093.125,45.83017,-129.74617,2017-07-30T11:01:22,5000,2017-07-30T12:52:19,40.547,40.21,45.83014,-129.74628,13.0017,13.0124,3.841985,3.843331,32.5657,32.5692,222.230636,268.760133,0.746,12.4563,4.4421,,,0.198,0.056,1.77,,,,,,32.575,,,,,,,,,,,POINT (-129.74617 45.83017),ooi.ocdi.ocdi,Cabled-8_RR1713-RR1717_Discrete_Summary
fffe2293-19ad-55f4-83dd-1e97b5854063.30,2017-07-30T11:01:22,1,10.347,0,411093.125,45.83017,-129.74617,2017-07-30T11:01:22,5000,2017-07-30T12:54:44,10.433,10.347,45.83016,-129.74628,16.2542,16.2519,4.144137,4.144224,32.5992,32.6018,194.769448,251.686768,0.232,12.3829,4.5242,,340.427431,,,,,,,,,,,,,,,,,,,,POINT (-129.74617 45.83017),ooi.ocdi.ocdi,Cabled-8_RR1713-RR1717_Discrete_Summary
fffe2293-19ad-55f4-83dd-1e97b5854063.31,2017-07-30T11:01:22,1,10.347,0,411093.125,45.83017,-129.74617,2017-07-30T11:01:22,5000,2017-07-30T12:54:44,10.433,10.347,45.83016,-129.74628,16.2542,16.2519,4.144137,4.144224,32.5992,32.6018,194.769448,251.686768,0.232,12.3829,4.5242,,338.605234,0.054,0.018,1.73,,,,,,32.607,,,,,,,,,,,POINT (-129.74617 45.83017),ooi.ocdi.ocdi,Cabled-8_RR1713-RR1717_Discrete_Summary
fffe2293-19ad-55f4-83dd-1e97b5854063.32,2017-07-30T11:01:22,1,200.856003,0,411093.125,45.83017,-129.74617,2017-07-30T11:01:22,5000,2017-07-30T12:44:05,202.615,200.856,45.83016,-129.74628,7.1275,7.1176,3.448032,3.447423,33.8895,33.8926,109.81349,302.824243,0.0561,12.3405,4.5726,,179.994656,0.014,0.04,1.25,2.14,39.46,29.04,0.03,0.07,33.899,,,,,,,,,,,POINT (-129.74617 45.83017),ooi.ocdi.ocdi,Cabled-8_RR1713-RR1717_Discrete_Summary
fffe2293-19ad-55f4-83dd-1e97b5854063.33,2017-08-01T07:52:46,2,2603.240967,0,411379.875,45.8305,-129.74983,2017-08-01T07:52:46,5000,,,,,,,,,,,,,,,,,,,,,,,,,,,,,,,,,,,,,,POINT (-129.74983 45.8305),ooi.ocdi.ocdi,Cabled-8_RR1713-RR1717_Discrete_Summary
fffe2293-19ad-55f4-83dd-1e97b5854063.34,2017-08-01T08:13:22,3,2603.240967,0,411379.875,45.8305,-129.74983,2017-08-01T08:13:22,5000,,,,,,,,,,,,,,,,,,,,,,,,,,,,,,,,,,,,,,POINT (-129.74983 45.8305),ooi.ocdi.ocdi,Cabled-8_RR1713-RR1717_Discrete_Summary
fffe2293-19ad-55f4-83dd-1e97b5854063.35,2017-08-01T08:30:45,4,140.440994,0,411379.875,45.8305,-129.74983,2017-08-01T08:30:45,5000,2017-08-01T08:45:55,141.65,140.441,45.83064,-129.74988,7.9407,7.9432,3.506956,3.507389,33.7645,33.7667,136.426146,297.523148,0.0815,12.3321,4.582,7.856,230.237481,0.035,0.024,1.58,1.77,27.35,23.84,0.04,0.2,33.786,2177.688953,612.25,22.6,2275.38,7.867,29,2065.17,83.52,1.891,1.226,POINT (-129.74983 45.8305),ooi.ocdi.ocdi,Cabled-8_RR1713-RR1717_Discrete_Summary
fffe2293-19ad-55f4-83dd-1e97b5854063.36,2017-08-01T08:30:45,4,220.279007,0,411379.875,45.8305,-129.74983,2017-08-01T08:30:45,5000,2017-08-01T08:40:20,222.219,220.279,45.83066,-129.74988,6.9087,6.915,3.429744,3.430636,33.8947,33.8984,104.244438,304.337757,0.0586,12.3365,4.5769,7.756,,0.044,0.029,1.59,2.25,41.42,30.13,0.04,0.06,33.907,2236.532146,724.96,23.8,2309.39,7.799,35.55,2129.49,71.49,1.591,1.03,POINT (-129.74983 45.8305),ooi.ocdi.ocdi,Cabled-8_RR1713-RR1717_Discrete_Summary
fffe2293-19ad-55f4-83dd-1e97b5854063.37,2017-08-01T08:30:45,4,200.350998,0,411379.875,45.8305,-129.74983,2017-08-01T08:30:45,5000,2017-08-01T08:41:40,202.105,200.351,45.83064,-129.74988,7.1538,7.1624,3.450172,3.451229,33.8873,33.8904,112.32336,302.646498,0.0688,12.3376,4.5758,7.78,,0.022,0.024,1.47,2.12,37.64,28.8,0.03,0.05,33.892,2222.535652,747.06,22.5,2291.6,7.785,36.33,2116.83,69.38,1.551,1.004,POINT (-129.74983 45.8305),ooi.ocdi.ocdi,Cabled-8_RR1713-RR1717_Discrete_Summary
fffe2293-19ad-55f4-83dd-1e97b5854063.38,2017-08-01T08:30:45,4,180.554001,0,411379.875,45.8305,-129.74983,2017-08-01T08:30:45,5000,2017-08-01T08:43:02,182.126,180.554,45.83064,-129.74988,7.4402,7.4531,3.473871,3.475305,33.8746,33.8775,122.023425,300.700232,0.062,12.3361,4.5774,7.815,,0.028,0.023,1.54,1.96,33.76,26.72,0.05,0.15,33.883,2197.319393,642.71,24.1,2286.99,7.846,30.95,2086.91,79.46,1.783,1.155,POINT (-129.74983 45.8305),ooi.ocdi.ocdi,Cabled-8_RR1713-RR1717_Discrete_Summary
fffe2293-19ad-55f4-83dd-1e97b5854063.39,2017-08-01T08:30:45,4,160.248001,0,411379.875,45.8305,-129.74983,2017-08-01T08:30:45,5000,2017-08-01T08:44:29,161.635,160.248,45.83064,-129.74988,7.7163,7.7252,3.495214,3.496173,33.8461,33.8479,130.437294,298.876334,0.0673,12.3347,4.5791,7.838,,0.024,0.027,1.46,1.85,30.57,25.12,0.05,0.08,33.863,2202.568092,651.56,22.5,2292.33,7.843,31.08,2091.73,79.76,1.797,1.165,POINT (-129.74983 45.8305),ooi.ocdi.ocdi,Cabled-8_RR1713-RR1717_Discrete_Summary
fffe2293-19ad-55f4-83dd-1e97b5854063.40,2017-08-01T08:30:45,4,140.416,0,411379.875,45.8305,-129.74983,2017-08-01T08:30:45,5000,2017-08-01T08:46:03,141.625,140.416,45.83064,-129.74988,7.9487,7.9623,3.50726,3.50812,33.76,33.7561,136.734297,297.477596,0.0762,12.3329,4.5811,7.856,231.3984,,,,,,,,,,,,,,,,,,,,POINT (-129.74983 45.8305),ooi.ocdi.ocdi,Cabled-8_RR1713-RR1717_Discrete_Summary
fffe2293-19ad-55f4-83dd-1e97b5854063.41,2017-08-01T08:30:45,4,19.973,0,411379.875,45.8305,-129.74983,2017-08-01T08:30:45,5000,2017-08-01T08:54:03,20.139,19.973,45.83064,-129.74988,15.9488,15.9785,4.115698,4.118604,32.5957,32.5969,201.017326,253.204748,0.36,12.4011,4.5037,8.13,,0.059,0.017,1.77,0.37,4.56,0.1,0.03,0.06,32.61,2000.802326,390.75,22.4,2204.23,8.043,14.42,1840.36,146.03,3.43,2.252,POINT (-129.74983 45.8305),ooi.ocdi.ocdi,Cabled-8_RR1713-RR1717_Discrete_Summary
fffe2293-19ad-55f4-83dd-1e97b5854063.42,2017-08-01T08:30:45,4,100.5,0,411379.875,45.8305,-129.74983,2017-08-01T08:30:45,5000,2017-08-01T08:48:42,101.355,100.5,45.83064,-129.74986,8.2536,8.2539,3.465111,3.465709,33.0398,33.0458,174.427,296.832264,0.324,12.3391,4.574,7.922,,0.1,0.081,1.54,1.38,15.85,15.51,0.06,0.06,33.131,2126.175067,505.74,22.5,2246.98,7.941,23.8,2006.82,95.56,2.194,1.422,POINT (-129.74983 45.8305),ooi.ocdi.ocdi,Cabled-8_RR1713-RR1717_Discrete_Summary
fffe2293-19ad-55f4-83dd-1e97b5854063.43,2017-08-01T08:30:45,4,80.097,0,411379.875,45.8305,-129.74983,2017-08-01T08:30:45,5000,2017-08-01T08:50:09,80.774,80.097,45.83066,-129.74988,8.3074,8.3071,3.437507,3.437775,32.7069,32.7101,207.970825,297.115853,0.591,12.36,4.5502,8.02,,0.23,0.159,1.58,0.98,9.29,8.02,0.45,0.18,32.763,2061.70251,395.61,23.8,2213.8,8.032,18.62,1930.45,112.63,2.604,1.687,POINT (-129.74983 45.8305),ooi.ocdi.ocdi,Cabled-8_RR1713-RR1717_Discrete_Summary
fffe2293-19ad-55f4-83dd-1e97b5854063.44,2017-08-01T08:30:45,4,59.952,0,411379.875,45.8305,-129.74983,2017-08-01T08:30:45,5000,2017-08-01T08:51:34,60.457,59.952,45.83064,-129.74986,9.0879,9.0875,3.497599,3.497951,32.6246,32.6286,223.699936,292.14122,1.65,12.4372,4.4632,8.073,,,,,0.77,7.98,4.12,0.2,0.28,32.637,2046.430214,372.73,22.5,2212.22,8.057,17.09,1908.36,120.98,2.81,1.823,POINT (-129.74983 45.8305),ooi.ocdi.ocdi,Cabled-8_RR1713-RR1717_Discrete_Summary
fffe2293-19ad-55f4-83dd-1e97b5854063.45,2017-08-01T08:30:45,4,59.904999,0,411379.875,45.8305,-129.74983,2017-08-01T08:30:45,5000,2017-08-01T08:51:45,60.409,59.905,45.83064,-129.74986,9.0862,9.0873,3.497539,3.497995,32.6255,32.6293,223.588287,292.150152,1.74,12.437,4.4634,8.079,,0.329,0.297,1.52,,,,,,,,,,,,,,,,,POINT (-129.74983 45.8305),ooi.ocdi.ocdi,Cabled-8_RR1713-RR1717_Discrete_Summary
fffe2293-19ad-55f4-83dd-1e97b5854063.46,2017-08-01T08:30:45,4,39.817001,0,411379.875,45.8305,-129.74983,2017-08-01T08:30:45,5000,2017-08-01T08:52:50,40.15,39.817,45.83064,-129.74988,10.5532,10.5751,3.624925,3.626835,32.6036,32.6031,238.8842,282.964565,2.19,12.4948,4.3994,8.143,422.66421,,,,0.51,3.95,0.78,0.04,0.08,32.615,2013.442867,318.56,24,2215.04,8.119,13.92,1856.32,143.21,3.34,2.173,POINT (-129.74983 45.8305),ooi.ocdi.ocdi,Cabled-8_RR1713-RR1717_Discrete_Summary
fffe2293-19ad-55f4-83dd-1e97b5854063.47,2017-08-01T08:30:45,4,39.748001,0,411379.875,45.8305,-129.74983,2017-08-01T08:30:45,5000,2017-08-01T08:53:00,40.08,39.748,45.83064,-129.74988,10.8133,10.9037,3.647968,3.65619,32.6012,32.6024,239.232545,281.388082,2.32,12.5135,4.3788,8.145,409.362395,,,,,,,,,,,,,,,,,,,,POINT (-129.74983 45.8305),ooi.ocdi.ocdi,Cabled-8_RR1713-RR1717_Discrete_Summary
fffe2293-19ad-55f4-83dd-1e97b5854063.48,2017-08-01T08:30:45,4,10.054,0,411379.875,45.8305,-129.74983,2017-08-01T08:30:45,5000,2017-08-01T08:54:59,10.138,10.054,45.83066,-129.74988,17.1638,17.1617,4.230904,4.231057,32.6137,32.6168,192.03628,247.257875,0.191,12.3765,4.5315,8.135,333.875929,0.033,0.005,1.87,0.37,4.4,0.08,0.02,0.07,32.625,2009.669538,406.31,22.5,2216.73,8.031,14.46,1846.1,149.11,3.511,2.31,POINT (-129.74983 45.8305),ooi.ocdi.ocdi,Cabled-8_RR1713-RR1717_Discrete_Summary
fffe2293-19ad-55f4-83dd-1e97b5854063.49,2017-08-01T08:30:45,4,120.318001,0,411379.875,45.8305,-129.74983,2017-08-01T08:30:45,5000,2017-08-01T08:47:16,121.347,120.318,45.83066,-129.74988,8.112,8.1225,3.509207,3.509504,33.6332,33.6264,138.484954,296.630403,0.0998,12.332,4.5822,7.865,,0.043,0.022,1.65,1.7,23.94,22.34,0.05,0.05,33.626,2172.084032,581.33,23.6,2277.55,7.889,27.39,2056.92,87.77,1.997,1.295,POINT (-129.74983 45.8305),ooi.ocdi.ocdi,Cabled-8_RR1713-RR1717_Discrete_Summary
fffe2293-19ad-55f4-83dd-1e97b5854063.50,2017-08-01T08:30:45,4,9.829,0,411379.875,45.8305,-129.74983,2017-08-01T08:30:45,5000,2017-08-01T08:55:10,9.911,9.829,45.83066,-129.74988,16.9369,16.9293,4.209979,4.209922,32.617,32.6226,193.018791,248.339084,0.193,12.3772,4.5306,8.142,333.818942,,,,,,,,,,,,,,,,,,,,POINT (-129.74983 45.8305),ooi.ocdi.ocdi,Cabled-8_RR1713-RR1717_Discrete_Summary
fffe2293-19ad-55f4-83dd-1e97b5854063.51,2017-08-03T13:11:04,5,1000.757019,0,784154.75,44.51067,-125.3895,2017-08-03T13:11:04,5000,2017-08-03T14:50:11,1011.358,1000.757,44.51073,-125.3896,3.7717,3.7715,3.229366,3.229599,34.3976,34.4006,8.355811,326.670236,0.0603,12.3213,4.5944,,,,,,,,,,,34.405,2393.7687,1082.73,23.8,2406.26,7.607,59.23,2287.76,46.79,0.884,0.575,POINT (-125.3895 44.51067),ooi.ocdi.ocdi,Cabled-8_RR1713-RR1717_Discrete_Summary
fffe2293-19ad-55f4-83dd-1e97b5854063.52,2017-08-03T13:11:04,5,1500.261963,0,784154.75,44.51067,-125.3895,2017-08-03T13:11:04,5000,2017-08-03T14:40:53,1517.979,1500.262,44.51072,-125.3896,2.6093,2.6096,3.159422,3.159653,34.5257,34.5281,25.433642,335.846444,0.0581,12.322,4.5936,,,,,,,,,,,34.534,2420.585488,1031.98,22.6,2433.98,7.604,58.89,2314.95,46.74,0.795,0.519,POINT (-125.3895 44.51067),ooi.ocdi.ocdi,Cabled-8_RR1713-RR1717_Discrete_Summary
fffe2293-19ad-55f4-83dd-1e97b5854063.53,2017-08-03T13:11:04,5,1999.767944,0,784154.75,44.51067,-125.3895,2017-08-03T13:11:04,5000,2017-08-03T14:31:19,2025.804,1999.768,44.51074,-125.38962,1.9064,1.9069,3.125294,3.125514,34.6037,34.6059,50.612725,341.618698,0.0521,12.3211,4.5947,,,,,,,,,,,34.613,2411.909193,754.74,23.6,2461.53,7.712,44.2,2307.41,60.29,0.923,0.606,POINT (-125.3895 44.51067),ooi.ocdi.ocdi,Cabled-8_RR1713-RR1717_Discrete_Summary
fffe2293-19ad-55f4-83dd-1e97b5854063.54,2017-08-03T13:11:04,5,2900.11792,0,784154.75,44.51067,-125.3895,2017-08-03T13:11:04,5000,2017-08-03T14:14:01,2944.156,2900.118,44.51072,-125.38962,1.7074,1.7079,3.14692,3.147117,34.6444,34.6463,64.08206,343.241628,0.0576,12.3404,4.5725,,80.403616,0.004,0.009,1.32,,,,,,,2391.462468,689.91,23.6,2450.5,7.736,40.7,2287.03,63.73,0.936,0.615,POINT (-125.3895 44.51067),ooi.ocdi.ocdi,Cabled-8_RR1713-RR1717_Discrete_Summary
fffe2293-19ad-55f4-83dd-1e97b5854063.55,2017-08-03T13:11:04,5,2899.968018,0,784154.75,44.51067,-125.3895,2017-08-03T13:11:04,5000,2017-08-03T14:14:04,2944.003,2899.968,44.51072,-125.38962,1.7073,1.7079,3.146922,3.147115,34.6446,34.6463,64.10439,343.241628,0.0568,12.3404,4.5725,,83.753879,0.004,0.006,1.37,,,,,,,,,,,,,,,,,POINT (-125.3895 44.51067),ooi.ocdi.ocdi,Cabled-8_RR1713-RR1717_Discrete_Summary
fffe2293-19ad-55f4-83dd-1e97b5854063.56,2017-08-03T13:11:04,5,499.605011,0,784154.75,44.51067,-125.3895,2017-08-03T13:11:04,5000,2017-08-03T15:00:11,504.285,499.605,44.51074,-125.3896,5.5137,5.5143,3.338016,3.338361,34.1233,34.1266,23.205128,313.90429,0.0619,12.3558,4.555,,,,,,,,,,,34.129,2349.053242,1256.46,22.5,2349.32,7.564,64.64,2241.81,42.6,0.895,0.58,POINT (-125.3895 44.51067),ooi.ocdi.ocdi,Cabled-8_RR1713-RR1717_Discrete_Summary
fffe2293-19ad-55f4-83dd-1e97b5854063.57,2017-08-03T13:11:04,5,2501.782959,0,784154.75,44.51067,-125.3895,2017-08-03T13:11:04,5000,2017-08-03T14:21:47,2537.382,2501.783,44.51072,-125.3896,1.7287,1.7292,3.132527,3.132732,34.6349,34.6368,63.398768,343.079067,0.0514,12.316,4.6005,,76.391866,0.002,0.007,1.22,,,,,,34.639,2409.050413,695.51,23.8,2467.75,7.722,41,2304.53,63.52,0.879,0.58,POINT (-125.3895 44.51067),ooi.ocdi.ocdi,Cabled-8_RR1713-RR1717_Discrete_Summary
fffe2293-19ad-55f4-83dd-1e97b5854063.58,2017-08-03T13:11:04,5,250.613007,0,784154.75,44.51067,-125.3895,2017-08-03T13:11:04,5000,2017-08-03T15:05:25,252.808,250.613,44.5107,-125.3896,6.9027,6.903,3.439327,3.439684,33.9911,33.9946,62.550236,304.186807,0.0685,12.3589,4.5515,,74.87334,,,,,,,,,34.006,2283.279235,982.99,22.6,2318.95,7.675,48.19,2179.8,55.29,1.222,0.792,POINT (-125.3895 44.51067),ooi.ocdi.ocdi,Cabled-8_RR1713-RR1717_Discrete_Summary
fffe2293-19ad-55f4-83dd-1e97b5854063.59,2017-08-03T13:11:04,5,2501.448975,0,784154.75,44.51067,-125.3895,2017-08-03T13:11:04,5000,2017-08-03T14:21:53,2537.041,2501.449,44.51072,-125.3896,1.7289,1.7296,3.132525,3.13273,34.6348,34.6367,63.349643,343.07728,0.0511,12.3161,4.6004,,86.464464,0.002,0.009,1.15,,,,,,34.639,2402.35643,691.86,23.7,2461.33,7.723,40.79,2298.07,63.5,0.878,0.579,POINT (-125.3895 44.51067),ooi.ocdi.ocdi,Cabled-8_RR1713-RR1717_Discrete_Summary
fffe2293-19ad-55f4-83dd-1e97b5854063.60,2017-08-03T13:11:04,5,250.287994,0,784154.75,44.51067,-125.3895,2017-08-03T13:11:04,5000,2017-08-03T15:05:32,252.479,250.288,44.5107,-125.3896,6.9023,6.9026,3.439277,3.439623,33.991,33.9945,62.657419,304.189487,0.0665,12.359,4.5513,,74.676342,,,,,,,,,,,,,,,,,,,,POINT (-125.3895 44.51067),ooi.ocdi.ocdi,Cabled-8_RR1713-RR1717_Discrete_Summary
fffe2293-19ad-55f4-83dd-1e97b5854063.61,2017-08-03T13:11:04,5,101.577003,0,784154.75,44.51067,-125.3895,2017-08-03T13:11:04,5000,2017-08-03T15:08:56,102.429,101.577,44.51074,-125.3896,8.3573,8.3577,3.544955,3.545353,33.7867,33.7905,88.707363,294.707361,0.141,12.3586,4.5518,,,,,,,,,,,33.796,2209.448648,834.74,23.9,2269.12,7.744,38.97,2105.45,65.02,1.483,0.962,POINT (-125.3895 44.51067),ooi.ocdi.ocdi,Cabled-8_RR1713-RR1717_Discrete_Summary
fffe2293-19ad-55f4-83dd-1e97b5854063.62,2017-08-03T13:11:04,5,100.555,0,784154.75,44.51067,-125.3895,2017-08-03T13:11:04,5000,2017-08-03T15:09:18,101.398,100.555,44.51074,-125.3896,8.3588,8.3595,3.544762,3.545131,33.7837,33.7869,88.546589,294.702895,0.123,12.3593,4.551,,,,,,,,,,,33.789,2242.701882,912.99,22.6,2292.82,7.711,42.62,2138.74,61.34,1.399,0.907,POINT (-125.3895 44.51067),ooi.ocdi.ocdi,Cabled-8_RR1713-RR1717_Discrete_Summary
fffe2293-19ad-55f4-83dd-1e97b5854063.63,2017-08-03T13:11:04,5,51.602001,0,784154.75,44.51067,-125.3895,2017-08-03T13:11:04,5000,2017-08-03T15:12:01,52.028,51.602,44.51074,-125.3896,9.3394,9.3403,3.555586,3.555952,32.9967,32.9996,154.022028,289.825173,0.518,12.3717,4.5369,,,,,,,,,,,,2115.471292,554.59,23.7,2228.1,7.906,25.07,1999.19,91.21,2.124,1.379,POINT (-125.3895 44.51067),ooi.ocdi.ocdi,Cabled-8_RR1713-RR1717_Discrete_Summary
fffe2293-19ad-55f4-83dd-1e97b5854063.64,2017-08-03T13:11:04,5,40.460999,0,784154.75,44.51067,-125.3895,2017-08-03T13:11:04,5000,2017-08-03T15:13:31,40.795,40.461,44.51074,-125.3896,9.4828,9.4825,3.547079,3.547424,32.7824,32.7862,178.504421,289.310695,1.12,12.4027,4.5018,,,,,,,,,,,32.793,2081.056035,505.24,23.9,2215.18,7.945,21.53,1955.91,103.62,2.43,1.582,POINT (-125.3895 44.51067),ooi.ocdi.ocdi,Cabled-8_RR1713-RR1717_Discrete_Summary
fffe2293-19ad-55f4-83dd-1e97b5854063.65,2017-08-03T13:11:04,5,40.257999,0,784154.75,44.51067,-125.3895,2017-08-03T13:11:04,5000,2017-08-03T15:13:22,40.59,40.258,44.51074,-125.3896,9.4848,9.4806,3.547346,3.547609,32.7834,32.7899,177.70948,289.295957,1.1,12.4019,4.5028,,,,,,,,,,,32.804,2096.072669,491.26,22.5,2225.35,7.953,22.21,1973.53,100.33,2.336,1.516,POINT (-125.3895 44.51067),ooi.ocdi.ocdi,Cabled-8_RR1713-RR1717_Discrete_Summary
fffe2293-19ad-55f4-83dd-1e97b5854063.66,2017-08-03T13:11:04,5,20.431,0,784154.75,44.51067,-125.3895,2017-08-03T13:11:04,5000,2017-08-03T15:14:46,20.599,20.431,44.51074,-125.3896,11.3363,11.3625,3.679359,3.6816,32.4566,32.4555,227.339694,278.512003,0.887,12.5534,4.3356,,,,,,,,,,,32.486,2005.885024,343.75,23.6,2197.29,8.089,14.65,1854.32,136.92,3.211,2.091,POINT (-125.3895 44.51067),ooi.ocdi.ocdi,Cabled-8_RR1713-RR1717_Discrete_Summary
fffe2293-19ad-55f4-83dd-1e97b5854063.67,2017-08-03T13:11:04,5,20.238001,0,784154.75,44.51067,-125.3895,2017-08-03T13:11:04,5000,2017-08-03T15:14:54,20.403,20.238,44.51074,-125.3896,11.3425,11.3357,3.679788,3.679873,32.4554,32.4623,226.92436,278.477615,1.02,12.5527,4.3362,,,,,,,,,,,32.452,2000.254121,396.5,23,2183.53,8.035,15.56,1851.96,132.73,3.129,2.047,POINT (-125.3895 44.51067),ooi.ocdi.ocdi,Cabled-8_RR1713-RR1717_Discrete_Summary
fffe2293-19ad-55f4-83dd-1e97b5854063.68,2017-08-03T13:11:04,5,10.365,0,784154.75,44.51067,-125.3895,2017-08-03T13:11:04,5000,2017-08-03T15:16:04,10.45,10.365,44.51074,-125.3896,13.0938,13.0662,3.812901,3.811298,32.2249,32.2333,222.217238,268.82087,0.439,12.4742,4.4222,,315.894004,,,,,,,,,32.231,,,,,,,,,,,POINT (-125.3895 44.51067),ooi.ocdi.ocdi,Cabled-8_RR1713-RR1717_Discrete_Summary
fffe2293-19ad-55f4-83dd-1e97b5854063.69,2017-08-03T13:11:04,5,10.216,0,784154.75,44.51067,-125.3895,2017-08-03T13:11:04,5000,2017-08-03T15:15:55,10.3,10.216,44.51074,-125.3896,12.9826,13.0296,3.80398,3.808226,32.2355,32.2355,222.717425,269.422435,0.409,12.4731,4.4234,,310.352916,,,,,,,,,32.215,1998.685597,333.29,22.6,2208.1,8.104,13.45,1836.08,149.15,3.514,2.296,POINT (-125.3895 44.51067),ooi.ocdi.ocdi,Cabled-8_RR1713-RR1717_Discrete_Summary
fffe2293-19ad-55f4-83dd-1e97b5854063.70,2017-08-03T13:11:04,5,250.287994,0,784154.75,44.51067,-125.3895,2017-08-03T13:11:04,5000,2017-08-03T15:05:32,252.479,250.288,44.5107,-125.3896,6.9023,6.9026,3.439277,3.439623,33.991,33.9945,62.657419,304.189487,0.0665,12.359,4.5513,,75.412783,,,,,,,,,,,,,,,,,,,,POINT (-125.3895 44.51067),ooi.ocdi.ocdi,Cabled-8_RR1713-RR1717_Discrete_Summary
fffe2293-19ad-55f4-83dd-1e97b5854063.71,2017-08-06T07:06:36,6,2900.11792,0,821924.9375,44.3755,-124.95417,2017-08-06T07:06:36,5000,,,,,,,,,,,,,,,,,,,,,,,,,,,,,,,,,,,,,,POINT (-124.95417 44.3755),ooi.ocdi.ocdi,Cabled-8_RR1713-RR1717_Discrete_Summary
fffe2293-19ad-55f4-83dd-1e97b5854063.72,2017-08-06T07:30:55,7,2900.11792,0,821924.9375,44.3755,-124.95417,2017-08-06T07:30:55,5000,,,,,,,,,,,,,,,,,,,,,,,,,,,,,,,,,,,,,,POINT (-124.95417 44.3755),ooi.ocdi.ocdi,Cabled-8_RR1713-RR1717_Discrete_Summary
fffe2293-19ad-55f4-83dd-1e97b5854063.73,2017-08-06T07:47:58,8,2900.11792,0,821924.9375,44.3755,-124.95417,2017-08-06T07:47:58,5000,,,,,,,,,,,,,,,,,,,,,,,,,,,,,,,,,,,,,,POINT (-124.95417 44.3755),ooi.ocdi.ocdi,Cabled-8_RR1713-RR1717_Discrete_Summary
fffe2293-19ad-55f4-83dd-1e97b5854063.74,2017-08-06T08:04:31,9,20.049,0,821924.9375,44.3755,-124.95417,2017-08-06T08:04:31,5000,2017-08-06T08:29:13,20.213,20.049,44.37558,-124.95432,9.5669,9.5621,3.552876,3.552945,32.7742,32.7793,169.335805,288.79175,2.06,12.4964,4.3976,7.929,,2.028,0.509,1.79,,,,,,32.803,,,,,,,,,,,POINT (-124.95417 44.3755),ooi.ocdi.ocdi,Cabled-8_RR1713-RR1717_Discrete_Summary
fffe2293-19ad-55f4-83dd-1e97b5854063.75,2017-08-06T08:04:31,9,10.176,0,821924.9375,44.3755,-124.95417,2017-08-06T08:04:31,5000,2017-08-06T08:30:11,10.259,10.176,44.37556,-124.95432,10.712,10.7084,3.645034,3.645277,32.6752,32.6808,226.299125,281.868619,1.18,12.4828,4.4126,8.082,,,,,0.57,2.39,0.72,0.07,0.37,,2046.262233,412.44,23,2198.8,8.018,18.6,1914.66,113,2.646,1.717,POINT (-124.95417 44.3755),ooi.ocdi.ocdi,Cabled-8_RR1713-RR1717_Discrete_Summary
fffe2293-19ad-55f4-83dd-1e97b5854063.76,2017-08-06T08:04:31,9,10.214,0,821924.9375,44.3755,-124.95417,2017-08-06T08:04:31,5000,2017-08-06T08:30:21,10.297,10.214,44.37556,-124.95432,10.7321,10.7205,3.646811,3.646198,32.6748,32.6792,227.781824,281.747145,0.992,12.4979,4.396,8.097,239.812209,,,,,,,,,,,,,,,,,,,,POINT (-124.95417 44.3755),ooi.ocdi.ocdi,Cabled-8_RR1713-RR1717_Discrete_Summary
fffe2293-19ad-55f4-83dd-1e97b5854063.77,2017-08-06T08:04:31,9,219.763,0,821924.9375,44.3755,-124.95417,2017-08-06T08:04:31,5000,2017-08-06T08:14:42,221.667,219.763,44.37558,-124.95432,7.0697,7.0705,3.451617,3.451879,33.9763,33.9783,70.070912,303.0529,0.143,12.3604,4.5498,7.684,,,,,2.52,44.26,33.95,0.05,0.04,34.003,2245.601702,1078.96,23,2268.06,7.63,52.59,2143.87,49.14,1.093,0.708,POINT (-124.95417 44.3755),ooi.ocdi.ocdi,Cabled-8_RR1713-RR1717_Discrete_Summary
fffe2293-19ad-55f4-83dd-1e97b5854063.78,2017-08-06T08:04:31,9,200.100998,0,821924.9375,44.3755,-124.95417,2017-08-06T08:04:31,5000,2017-08-06T08:16:21,201.825,200.101,44.37558,-124.9543,7.2997,7.301,3.469085,3.469507,33.9505,33.9538,76.582282,301.514377,0.111,12.3531,4.558,7.699,,,,,2.43,42.66,32.81,0.04,0.14,33.959,2228.530015,982.91,23.6,2262.96,7.669,47.54,2127.3,53.69,1.199,0.777,POINT (-124.95417 44.3755),ooi.ocdi.ocdi,Cabled-8_RR1713-RR1717_Discrete_Summary
fffe2293-19ad-55f4-83dd-1e97b5854063.79,2017-08-06T08:04:31,9,199.699005,0,821924.9375,44.3755,-124.95417,2017-08-06T08:04:31,5000,2017-08-06T08:16:33,201.42,199.699,44.37558,-124.9543,7.3106,7.3103,3.470098,3.470381,33.9511,33.9544,76.497429,301.438456,0.111,12.3546,4.5563,7.701,,,,,,,,,,33.957,,,,,,,,,,,POINT (-124.95417 44.3755),ooi.ocdi.ocdi,Cabled-8_RR1713-RR1717_Discrete_Summary
fffe2293-19ad-55f4-83dd-1e97b5854063.80,2017-08-06T08:04:31,9,179.992004,0,821924.9375,44.3755,-124.95417,2017-08-06T08:04:31,5000,2017-08-06T08:17:47,181.534,179.992,44.37558,-124.95431,7.5226,7.5235,3.487157,3.48754,33.9383,33.9415,78.9939,300.012028,0.143,12.3567,4.554,7.703,,,,,2.38,41.09,32.28,0.1,0.41,33.951,2234.734545,929.31,22.9,2276.82,7.695,44.93,2132.67,57.14,1.281,0.83,POINT (-124.95417 44.3755),ooi.ocdi.ocdi,Cabled-8_RR1713-RR1717_Discrete_Summary
fffe2293-19ad-55f4-83dd-1e97b5854063.81,2017-08-06T08:04:31,9,159.979996,0,821924.9375,44.3755,-124.95417,2017-08-06T08:04:31,5000,2017-08-06T08:19:16,161.343,159.98,44.37556,-124.9543,7.6662,7.6665,3.49791,3.498233,33.924,33.9273,81.954832,299.063458,0.358,12.366,4.5434,7.715,,,,,2.32,39,31.42,0.03,0.04,33.933,2231.543899,967.81,23,2270.01,7.679,46.23,2129.69,55.63,1.253,0.812,POINT (-124.95417 44.3755),ooi.ocdi.ocdi,Cabled-8_RR1713-RR1717_Discrete_Summary
fffe2293-19ad-55f4-83dd-1e97b5854063.82,2017-08-06T08:04:31,9,139.813004,0,821924.9375,44.3755,-124.95417,2017-08-06T08:04:31,5000,2017-08-06T08:20:43,140.997,139.813,44.37556,-124.9543,7.8359,7.8366,3.510366,3.51074,33.9028,33.9061,84.36645,297.958579,0.178,12.3632,4.5466,7.724,,0.396,0.149,1.71,2.27,36.53,30.75,0.04,0.06,33.911,2226.505174,852.72,24.4,2282,7.734,40.5,2122.77,63.23,1.43,0.927,POINT (-124.95417 44.3755),ooi.ocdi.ocdi,Cabled-8_RR1713-RR1717_Discrete_Summary
fffe2293-19ad-55f4-83dd-1e97b5854063.83,2017-08-06T08:04:31,9,139.992004,0,821924.9375,44.3755,-124.95417,2017-08-06T08:04:31,5000,2017-08-06T08:20:53,141.178,139.992,44.37556,-124.95431,7.8402,7.8401,3.510722,3.511023,33.9023,33.9057,84.464701,297.930444,0.152,12.3657,4.5437,7.724,,,,,,,,,,33.911,,,,,,,,,,,POINT (-124.95417 44.3755),ooi.ocdi.ocdi,Cabled-8_RR1713-RR1717_Discrete_Summary
fffe2293-19ad-55f4-83dd-1e97b5854063.84,2017-08-06T08:04:31,9,100.292999,0,821924.9375,44.3755,-124.95417,2017-08-06T08:04:31,5000,2017-08-06T08:23:18,101.133,100.293,44.37558,-124.9543,8.3632,8.364,3.549073,3.549434,33.8253,33.8284,98.661988,294.594818,0.295,12.3861,4.5206,7.745,131.160996,0.608,0.255,1.69,2.16,31.97,28.74,0.03,0.13,,2210.780036,862.78,23.4,2266.3,7.73,40.26,2107.42,63.09,1.439,0.933,POINT (-124.95417 44.3755),ooi.ocdi.ocdi,Cabled-8_RR1713-RR1717_Discrete_Summary
fffe2293-19ad-55f4-83dd-1e97b5854063.85,2017-08-06T08:04:31,9,100.075996,0,821924.9375,44.3755,-124.95417,2017-08-06T08:04:31,5000,2017-08-06T08:23:31,100.914,100.076,44.37558,-124.9543,8.3637,8.3639,3.549097,3.549443,33.8251,33.8287,98.871888,294.591246,0.334,12.3884,4.5181,7.746,131.512798,,,,,,,,,,,,,,,,,,,,POINT (-124.95417 44.3755),ooi.ocdi.ocdi,Cabled-8_RR1713-RR1717_Discrete_Summary
fffe2293-19ad-55f4-83dd-1e97b5854063.86,2017-08-06T08:04:31,9,80.366997,0,821924.9375,44.3755,-124.95417,2017-08-06T08:04:31,5000,2017-08-06T08:24:54,81.036,80.367,44.37557,-124.95432,8.8274,8.8279,3.576793,3.577168,33.6833,33.6867,104.159585,291.829943,0.579,12.3927,4.5132,7.773,128.171136,,,,,,,,,33.705,,,,,,,,,,,POINT (-124.95417 44.3755),ooi.ocdi.ocdi,Cabled-8_RR1713-RR1717_Discrete_Summary
fffe2293-19ad-55f4-83dd-1e97b5854063.87,2017-08-06T08:04:31,9,80.151001,0,821924.9375,44.3755,-124.95417,2017-08-06T08:04:31,5000,2017-08-06T08:24:39,80.818,80.151,44.37558,-124.9543,8.8263,8.8269,3.576666,3.577056,33.6831,33.6866,104.137255,291.837088,0.77,12.4031,4.5014,7.768,136.352444,,,,2.02,26.96,26.39,0.05,0.44,33.72,2198.350455,817.74,23.4,2262.23,7.753,37.6,2093.79,66.96,1.535,0.996,POINT (-124.95417 44.3755),ooi.ocdi.ocdi,Cabled-8_RR1713-RR1717_Discrete_Summary
fffe2293-19ad-55f4-83dd-1e97b5854063.88,2017-08-06T08:04:31,9,60.119999,0,821924.9375,44.3755,-124.95417,2017-08-06T08:04:31,5000,2017-08-06T08:26:17,60.618,60.12,44.37558,-124.95432,8.9573,8.9575,3.566571,3.567179,33.463,33.4691,110.34494,291.40523,1.1,12.4711,4.4256,7.795,,,,,1.85,23.48,23.09,0.11,2.51,,2193.491308,797.29,23.5,2260.54,7.764,36.54,2088.46,68.48,1.579,1.024,POINT (-124.95417 44.3755),ooi.ocdi.ocdi,Cabled-8_RR1713-RR1717_Discrete_Summary
fffe2293-19ad-55f4-83dd-1e97b5854063.89,2017-08-06T08:04:31,9,40.203999,0,821924.9375,44.3755,-124.95417,2017-08-06T08:04:31,5000,2017-08-06T08:27:39,40.535,40.204,44.37558,-124.95432,8.9987,8.9963,3.526214,3.526507,33.013,33.0182,140.374055,291.985805,1.28,12.4398,4.4603,7.843,,1.41,0.669,1.67,1.52,13.74,16.43,0.18,0.34,,2143.894319,713.26,23.5,2221.05,7.804,32.73,2038.7,72.46,1.684,1.092,POINT (-124.95417 44.3755),ooi.ocdi.ocdi,Cabled-8_RR1713-RR1717_Discrete_Summary
fffe2293-19ad-55f4-83dd-1e97b5854063.90,2017-08-06T08:04:31,9,40.092999,0,821924.9375,44.3755,-124.95417,2017-08-06T08:04:31,5000,2017-08-06T08:27:55,40.422,40.093,44.37556,-124.95432,8.993,8.992,3.526161,3.52654,33.0177,33.0226,139.623773,292.013494,1.34,12.4482,4.4512,7.853,,1.46,0.701,1.66,,,,,,,,,,,,,,,,,POINT (-124.95417 44.3755),ooi.ocdi.ocdi,Cabled-8_RR1713-RR1717_Discrete_Summary
fffe2293-19ad-55f4-83dd-1e97b5854063.91,2017-08-06T08:04:31,9,20.215,0,821924.9375,44.3755,-124.95417,2017-08-06T08:04:31,5000,2017-08-06T08:29:04,20.38,20.215,44.37558,-124.95432,9.5701,9.5684,3.553959,3.554533,32.7823,32.7897,168.375624,288.756469,1.82,12.5008,4.3929,7.925,,,,,1.04,4.27,6.65,0.15,0.76,32.812,2099.2148,618.61,23.6,2194.81,7.858,27.89,1989.95,81.38,1.902,1.235,POINT (-124.95417 44.3755),ooi.ocdi.ocdi,Cabled-8_RR1713-RR1717_Discrete_Summary
fffe2293-19ad-55f4-83dd-1e97b5854063.92,2017-08-06T08:04:31,9,119.75,0,821924.9375,44.3755,-124.95417,2017-08-06T08:04:31,5000,2017-08-06T08:22:06,120.759,119.75,44.37556,-124.95431,8.1369,8.1376,3.532272,3.532653,33.8554,33.8588,90.62326,296.035984,0.515,12.3856,4.5211,7.737,,,,,2.22,33.66,29.55,0.05,0.11,,2221.087047,842.31,24.5,2279.35,7.74,39.61,2116.95,64.53,1.466,0.95,POINT (-124.95417 44.3755),ooi.ocdi.ocdi,Cabled-8_RR1713-RR1717_Discrete_Summary
fffe2293-19ad-55f4-83dd-1e97b5854063.93,2017-08-13T20:01:18,10,1497.322021,0,1232242.5,45.8305,-129.74683,2017-08-13T20:01:18,5000,2017-08-13T21:24:21,1515.179,1497.322,45.8305,-129.74718,2.4245,2.4246,3.142463,3.142703,34.5168,34.5197,22.325334,337.414889,0.0588,12.3316,4.5826,,3.146164,0.008,0.001,1.89,3.3,137.97,45.61,0.02,0.12,34.52,2383.506604,1002.8,23,2397.78,7.609,57.62,2279.65,46.23,0.786,0.513,POINT (-129.74683 45.8305),ooi.ocdi.ocdi,Cabled-8_RR1713-RR1717_Discrete_Summary
fffe2293-19ad-55f4-83dd-1e97b5854063.94,2017-08-13T20:01:18,10,2599.025879,0,1232242.5,45.8305,-129.74683,2017-08-13T20:01:18,5000,2017-08-13T20:55:07,2636.939,2599.026,45.8305,-129.74718,1.8105,1.8109,3.142352,3.142563,34.6215,34.6235,56.847205,342.403813,0.0514,12.3355,4.5782,,65.92581,0.012,0.005,1.71,3.05,148.12,42.5,0.02,0.09,34.626,2414.982704,767.99,22.9,2461.01,7.676,45.14,2311.94,57.91,0.786,0.519,POINT (-129.74683 45.8305),ooi.ocdi.ocdi,Cabled-8_RR1713-RR1717_Discrete_Summary
fffe2293-19ad-55f4-83dd-1e97b5854063.95,2017-08-13T20:01:18,10,953.817017,0,1232242.5,45.8305,-129.74683,2017-08-13T20:01:18,5000,2017-08-13T21:34:49,963.93,953.817,45.8305,-129.74718,3.3694,3.3681,3.188455,3.188631,34.3556,34.359,7.601064,329.988891,0.0609,12.3337,4.5802,,-10.184237,0.011,0.003,1.76,3.4,111.61,46.03,0.02,0.05,34.361,2399.022284,1264.92,22.9,2389.31,7.541,70.24,2289.4,39.38,0.752,0.488,POINT (-129.74683 45.8305),ooi.ocdi.ocdi,Cabled-8_RR1713-RR1717_Discrete_Summary
fffe2293-19ad-55f4-83dd-1e97b5854063.96,2017-08-13T20:01:18,10,45.347,0,1232242.5,45.8305,-129.74683,2017-08-13T20:01:18,5000,2017-08-13T21:56:24,45.727,45.347,45.8305,-129.74716,11.3554,11.367,3.696405,3.69822,32.5965,32.604,238.116055,278.152493,1.37,12.4836,4.4117,,337.521755,0.256,0.143,1.63,0.5,4.06,0.35,0.04,0.1,32.611,1996.554676,334.36,22.9,2192.55,8.097,14.23,1842.92,139.4,3.25,2.117,POINT (-129.74683 45.8305),ooi.ocdi.ocdi,Cabled-8_RR1713-RR1717_Discrete_Summary
fffe2293-19ad-55f4-83dd-1e97b5854063.97,2017-08-13T20:01:18,10,99.559998,0,1232242.5,45.8305,-129.74683,2017-08-13T20:01:18,5000,2017-08-13T21:51:56,100.407,99.56,45.8305,-129.74718,8.2173,8.2183,3.458533,3.459436,33.0046,33.0133,179.683435,297.142202,0.286,12.3541,4.5569,,246.595783,0.125,0.104,1.54,1.31,14.29,14.43,0.06,0.15,33.067,2112.357734,507.32,22.9,2230.85,7.937,23.91,1994.57,93.88,2.156,1.397,POINT (-129.74683 45.8305),ooi.ocdi.ocdi,Cabled-8_RR1713-RR1717_Discrete_Summary
fffe2293-19ad-55f4-83dd-1e97b5854063.98,2017-08-13T20:01:18,10,79.815002,0,1232242.5,45.8305,-129.74683,2017-08-13T20:01:18,5000,2017-08-13T21:54:13,80.49,79.815,45.8305,-129.74717,8.229,8.2295,3.432416,3.43296,32.7261,32.7314,207.376853,297.602642,0.565,12.3663,4.543,,296.421631,0.227,0.101,1.68,0.94,8.61,7.48,0.46,0.09,32.73,2067.454087,398.33,22.9,2218.65,8.03,18.79,1936.45,112.21,2.593,1.68,POINT (-129.74683 45.8305),ooi.ocdi.ocdi,Cabled-8_RR1713-RR1717_Discrete_Summary
fffe2293-19ad-55f4-83dd-1e97b5854063.99,2017-08-13T20:01:18,10,20.084999,0,1232242.5,45.8305,-129.74683,2017-08-13T20:01:18,5000,2017-08-13T21:58:03,20.252,20.085,45.83052,-129.74718,17.1547,17.1562,4.231644,4.232219,32.6238,32.6276,188.485842,247.286011,0.182,12.3991,4.5059,,263.863635,0.06,0.012,1.82,0.37,4.32,0.03,0.02,0.1,32.634,1994.508153,412,23.1,2196.23,8.022,14.67,1834.68,145.16,3.412,2.245,POINT (-129.74683 45.8305),ooi.ocdi.ocdi,Cabled-8_RR1713-RR1717_Discrete_Summary
fffe2293-19ad-55f4-83dd-1e97b5854063.100,2017-08-13T20:01:18,10,10.276,0,1232242.5,45.8305,-129.74683,2017-08-13T20:01:18,5000,2017-08-13T21:59:14,10.361,10.276,45.8305,-129.74716,17.2335,17.2304,4.238414,4.238652,32.622,32.6265,188.905642,246.913996,0.13,12.3944,4.5112,,257.637249,0.057,0.01,1.83,0.38,4.26,0.09,0.02,0.14,32.631,2002.092706,402.98,22.9,2210.16,8.033,14.31,1838.25,149.53,3.522,2.317,POINT (-129.74683 45.8305),ooi.ocdi.ocdi,Cabled-8_RR1713-RR1717_Discrete_Summary
fffe2293-19ad-55f4-83dd-1e97b5854063.101,2017-08-13T20:01:18,10,2.352,0,1232242.5,45.8305,-129.74683,2017-08-13T20:01:18,5000,2017-08-13T22:00:30,2.372,2.352,45.8305,-129.74714,17.3151,17.3124,4.245507,4.245781,32.6199,32.6245,188.838653,246.529477,0.0916,12.3938,4.5119,,265.137698,0.065,0.019,1.76,0.37,4.19,0.08,0.02,0.1,32.629,2010.772323,427.82,22.9,2209.01,8.011,15.16,1852.11,143.5,3.383,2.226,POINT (-129.74683 45.8305),ooi.ocdi.ocdi,Cabled-8_RR1713-RR1717_Discrete_Summary
fffe2293-19ad-55f4-83dd-1e97b5854063.102,2017-08-13T20:01:18,10,199.658005,0,1232242.5,45.8305,-129.74683,2017-08-13T20:01:18,5000,2017-08-13T21:48:51,201.406,199.658,45.8305,-129.74716,7.1663,7.1704,3.451289,3.451971,33.8876,33.891,119.911026,302.559858,0.058,12.3468,4.5652,,163.266442,,,,2.03,36.4,27.59,0.04,0.14,33.895,2218.388425,723.09,22.8,2291.67,7.798,35.15,2111.86,71.38,1.595,1.033,POINT (-129.74683 45.8305),ooi.ocdi.ocdi,Cabled-8_RR1713-RR1717_Discrete_Summary
fffe2293-19ad-55f4-83dd-1e97b5854063.103,2017-08-17T07:36:34,11,2599.025879,0,1603728.75,44.52917,-125.3925,2017-08-17T07:36:34,5000,,,,,,,,,,,,,,,,,,,,,,,,,,,,,,,,,,,,,,POINT (-125.3925 44.52917),ooi.ocdi.ocdi,Cabled-8_RR1713-RR1717_Discrete_Summary
fffe2293-19ad-55f4-83dd-1e97b5854063.104,2017-08-17T08:00:53,12,2599.025879,0,1603728.75,44.52917,-125.3925,2017-08-17T08:00:53,5000,,,,,,,,,,,,,,,,,,,,,,,,,,,,,,,,,,,,,,POINT (-125.3925 44.52917),ooi.ocdi.ocdi,Cabled-8_RR1713-RR1717_Discrete_Summary
fffe2293-19ad-55f4-83dd-1e97b5854063.105,2017-08-17T08:17:13,13,20.032,0,1603728.75,44.52917,-125.3925,2017-08-17T08:17:13,5000,2017-08-17T08:43:06,20.196,20.032,44.52922,-125.39256,15.3744,15.371,4.064674,4.064908,32.6164,32.6213,203.996121,256.062516,0.329,12.4508,4.4481,8.149,,,,,0.33,2.64,0.01,0.01,0.02,,1990.618284,366.41,22.8,2200.61,8.066,13.75,1827.14,149.73,3.514,2.305,POINT (-125.3925 44.52917),ooi.ocdi.ocdi,Cabled-8_RR1713-RR1717_Discrete_Summary
fffe2293-19ad-55f4-83dd-1e97b5854063.106,2017-08-17T08:17:13,13,220.391006,0,1603728.75,44.52917,-125.3925,2017-08-17T08:17:13,5000,2017-08-17T08:26:15,222.305,220.391,44.52924,-125.39256,7.5535,7.5539,3.496284,3.496679,33.9873,33.9912,53.560258,299.705216,0.0655,12.4372,4.4632,7.626,,,,,,,,,,33.995,,,,,,,,,,,POINT (-125.3925 44.52917),ooi.ocdi.ocdi,Cabled-8_RR1713-RR1717_Discrete_Summary
fffe2293-19ad-55f4-83dd-1e97b5854063.107,2017-08-17T08:17:13,13,10.556,0,1603728.75,44.52917,-125.3925,2017-08-17T08:17:13,5000,2017-08-17T08:44:13,10.642,10.556,44.52922,-125.39256,17.0919,17.0721,4.117332,4.116496,31.6944,31.7028,193.925381,248.981736,0.256,12.4413,4.4587,8.24,263.892996,0.132,0.039,1.76,0.16,2.14,0.1,0.01,0.06,31.707,1933.375069,315.06,22.8,2174.13,8.12,11.29,1752.36,169.72,4.033,2.653,POINT (-125.3925 44.52917),ooi.ocdi.ocdi,Cabled-8_RR1713-RR1717_Discrete_Summary
fffe2293-19ad-55f4-83dd-1e97b5854063.108,2017-08-17T08:17:13,13,200.776993,0,1603728.75,44.52917,-125.3925,2017-08-17T08:17:13,5000,2017-08-17T08:27:28,202.511,200.777,44.52924,-125.39255,7.5877,7.5886,3.498004,3.498436,33.982,33.9858,52.859103,299.483258,0.066,12.441,4.4589,7.621,,,,,2.62,44.8,34.82,0.24,0,,2252.051931,1117,22.8,2273.12,7.619,53.48,2149.65,48.92,1.093,0.708,POINT (-125.3925 44.52917),ooi.ocdi.ocdi,Cabled-8_RR1713-RR1717_Discrete_Summary
fffe2293-19ad-55f4-83dd-1e97b5854063.109,2017-08-17T08:17:13,13,180.276993,0,1603728.75,44.52917,-125.3925,2017-08-17T08:17:13,5000,2017-08-17T08:29:13,181.824,180.277,44.52924,-125.39255,7.6224,7.6229,3.498984,3.499382,33.9685,33.9724,52.51969,299.273358,0.0697,12.4263,4.4753,7.616,56.97808,0.032,0.144,1.18,2.64,43,34.75,0.28,0.01,,2273.585458,1213.57,22.9,2285.42,7.588,58.04,2169.59,45.96,1.031,0.668,POINT (-125.3925 44.52917),ooi.ocdi.ocdi,Cabled-8_RR1713-RR1717_Discrete_Summary
fffe2293-19ad-55f4-83dd-1e97b5854063.110,2017-08-17T08:17:13,13,10.148,0,1603728.75,44.52917,-125.3925,2017-08-17T08:17:13,5000,2017-08-17T08:44:21,10.231,10.148,44.52922,-125.39256,17.1126,17.1129,4.118894,4.119395,31.6918,31.6958,193.590434,248.886164,0.273,12.4408,4.4592,8.242,263.365348,0.104,0.038,1.72,,,,,,31.706,,,,,,,,,,,POINT (-125.3925 44.52917),ooi.ocdi.ocdi,Cabled-8_RR1713-RR1717_Discrete_Summary
fffe2293-19ad-55f4-83dd-1e97b5854063.111,2017-08-17T08:17:13,13,220.276001,0,1603728.75,44.52917,-125.3925,2017-08-17T08:17:13,5000,2017-08-17T08:26:06,222.188,220.276,44.52924,-125.39256,7.5535,7.5539,3.496291,3.496685,33.9874,33.9913,53.618316,299.70477,0.0659,12.4376,4.4628,7.626,61.608503,,,,2.6,44.65,34.94,0.12,0.05,33.994,2266.176832,1107.62,22.8,2288.9,7.624,53.09,2163.24,49.85,1.109,0.719,POINT (-125.3925 44.52917),ooi.ocdi.ocdi,Cabled-8_RR1713-RR1717_Discrete_Summary
fffe2293-19ad-55f4-83dd-1e97b5854063.112,2017-08-17T08:17:13,13,121.261002,0,1603728.75,44.52917,-125.3925,2017-08-17T08:17:13,5000,2017-08-17T08:33:51,122.284,121.261,44.52924,-125.39256,7.9462,7.948,3.518646,3.519104,33.8935,33.8967,77.604987,297.235541,0.0666,12.3809,4.5265,7.678,,,,,2.33,37.23,31.88,0.06,0,,2223.368976,996.86,22.8,2258.96,7.667,47.17,2121.86,54.35,1.234,0.799,POINT (-125.3925 44.52917),ooi.ocdi.ocdi,Cabled-8_RR1713-RR1717_Discrete_Summary
fffe2293-19ad-55f4-83dd-1e97b5854063.113,2017-08-17T08:17:13,13,101.200996,0,1603728.75,44.52917,-125.3925,2017-08-17T08:17:13,5000,2017-08-17T08:35:32,102.05,101.201,44.52924,-125.39256,8.2883,8.2897,3.543616,3.544076,33.839,33.8426,93.079538,295.062851,0.0714,12.3689,4.5401,7.733,,,,,2.17,32.73,29.1,0.03,0,33.844,2210.536322,848.78,22.9,2267.84,7.736,39.71,2106.93,63.9,1.457,0.944,POINT (-125.3925 44.52917),ooi.ocdi.ocdi,Cabled-8_RR1713-RR1717_Discrete_Summary
fffe2293-19ad-55f4-83dd-1e97b5854063.114,2017-08-17T08:17:13,13,80.551003,0,1603728.75,44.52917,-125.3925,2017-08-17T08:17:13,5000,2017-08-17T08:37:15,81.222,80.551,44.52922,-125.39255,8.8909,8.8916,3.582257,3.582717,33.6801,33.6843,105.905775,291.42488,0.0789,12.3594,4.5509,7.776,,,,,1.95,26.25,25.46,0.04,0.03,,2184.89305,785.93,22.9,2253.45,7.767,36.06,2079.88,68.95,1.581,1.025,POINT (-125.3925 44.52917),ooi.ocdi.ocdi,Cabled-8_RR1713-RR1717_Discrete_Summary
fffe2293-19ad-55f4-83dd-1e97b5854063.115,2017-08-17T08:17:13,13,60.691002,0,1603728.75,44.52917,-125.3925,2017-08-17T08:17:13,5000,2017-08-17T08:39:25,61.194,60.691,44.52924,-125.39256,9.389,9.3904,3.562877,3.563786,33.022,33.03,160.439613,289.461644,0.307,12.3682,4.5408,7.936,,,,,1.24,12.29,13.54,0.15,0.08,,2102.618701,526.64,22.9,2222.01,7.924,23.85,1984.17,94.6,2.189,1.421,POINT (-125.3925 44.52917),ooi.ocdi.ocdi,Cabled-8_RR1713-RR1717_Discrete_Summary
fffe2293-19ad-55f4-83dd-1e97b5854063.116,2017-08-17T08:17:13,13,40.509998,0,1603728.75,44.52917,-125.3925,2017-08-17T08:17:13,5000,2017-08-17T08:41:43,40.844,40.51,44.52922,-125.39256,10.8232,10.8225,3.659059,3.659428,32.7023,32.7066,213.410365,281.14692,0.547,12.3935,4.5122,8.104,296.638158,0.381,0.144,1.71,0.55,3.63,1.08,0.11,0.33,32.71,2032.700969,364.32,22.9,2214.33,8.068,15.77,1885.86,131.08,3.055,1.988,POINT (-125.3925 44.52917),ooi.ocdi.ocdi,Cabled-8_RR1713-RR1717_Discrete_Summary
fffe2293-19ad-55f4-83dd-1e97b5854063.117,2017-08-17T08:17:13,13,40.325001,0,1603728.75,44.52917,-125.3925,2017-08-17T08:17:13,5000,2017-08-17T08:41:54,40.657,40.325,44.52922,-125.39256,10.8253,10.8304,3.65923,3.660063,32.7022,32.7059,213.209396,281.133968,0.586,12.393,4.5129,8.107,296.271963,0.359,0.146,1.7,,,,,,32.708,,,,,,,,,,,POINT (-125.3925 44.52917),ooi.ocdi.ocdi,Cabled-8_RR1713-RR1717_Discrete_Summary
fffe2293-19ad-55f4-83dd-1e97b5854063.118,2017-08-17T08:17:13,13,139.309006,0,1603728.75,44.52917,-125.3925,2017-08-17T08:17:13,5000,2017-08-17T08:32:14,140.491,139.309,44.52924,-125.39256,7.7215,7.7221,3.503069,3.503478,33.9357,33.9396,57.633214,298.665988,0.0652,12.4014,4.5034,7.621,,0.027,0.144,1.16,2.54,42.33,33.98,0.23,0,,2241.759183,1148.51,22.8,2259.4,7.608,54.75,2139.53,47.48,1.073,0.695,POINT (-125.3925 44.52917),ooi.ocdi.ocdi,Cabled-8_RR1713-RR1717_Discrete_Summary
fffe2293-19ad-55f4-83dd-1e97b5854063.119,2017-08-17T08:17:13,13,160.203003,0,1603728.75,44.52917,-125.3925,2017-08-17T08:17:13,5000,2017-08-17T08:30:44,161.57,160.203,44.52924,-125.39255,7.6311,7.6312,3.497037,3.497444,33.9488,33.953,53.953263,299.253261,0.0668,12.402,4.5027,7.616,,,,,2.61,42.61,34.51,0.15,0,33.955,2262.209546,1107.55,22.8,2285.1,7.626,52.96,2159.34,49.91,1.124,0.728,POINT (-125.3925 44.52917),ooi.ocdi.ocdi,Cabled-8_RR1713-RR1717_Discrete_Summary
fffe2293-19ad-55f4-83dd-1e97b5854063.120,2017-08-23T09:37:00,14,220.391006,0,1976084.25,45.82966,-129.75931,2017-08-23T09:37:00,5000,2017-08-23T09:42:00,2591.635,,,,1.9869,,3.150332,,34.553,,,,,,,,71.126172,0.002,0,2,,,,,,34.622,,,,,,,,,,,POINT (-129.75931 45.82966),ooi.ocdi.ocdi,Cabled-8_RR1713-RR1717_Discrete_Summary
fffe2293-19ad-55f4-83dd-1e97b5854063.121,2017-08-23T09:37:00,14,220.391006,0,1976085.375,45.82965,-129.75931,2017-08-23T09:37:00,5000,2017-08-23T09:42:00,2591.635,,,,1.9869,,3.150332,,34.553,,,,,,,,71.648484,0.002,-0.001,4,,,,,,34.625,,,,,,,,,,,POINT (-129.75931 45.82965),ooi.ocdi.ocdi,Cabled-8_RR1713-RR1717_Discrete_Summary
fffe2293-19ad-55f4-83dd-1e97b5854063.122,2017-08-23T09:37:00,14,220.391006,0,1976095.875,45.82956,-129.75927,2017-08-23T09:37:00,5000,2017-08-23T09:59:00,2450.555,,,,2.0009,,3.147098,,34.5652,,,,,,,,67.36291,0.001,0.002,1.4,,,,,,34.618,,,,,,,,,,,POINT (-129.75927 45.82956),ooi.ocdi.ocdi,Cabled-8_RR1713-RR1717_Discrete_Summary
fffe2293-19ad-55f4-83dd-1e97b5854063.123,2017-08-23T09:37:00,14,220.391006,0,1976097,45.82955,-129.75927,2017-08-23T09:37:00,5000,2017-08-23T09:59:00,2450.555,,,,2.0009,,3.147098,,34.5652,,,,,,,,65.249262,0,0,,,,,,,34.617,,,,,,,,,,,POINT (-129.75927 45.82955),ooi.ocdi.ocdi,Cabled-8_RR1713-RR1717_Discrete_Summary
fffe2293-19ad-55f4-83dd-1e97b5854063.124,2017-08-25T23:32:00,15,220.391006,0,2387713,44.36829,-124.95278,2017-08-25T23:32:00,5000,2017-08-25T23:37:00,573.822,,,,5.4288,,3.320712,,33.9779,,,,,,,,63.471905,,,,,,,,,34.142,,,,,,,,,,,POINT (-124.95278 44.36829),ooi.ocdi.ocdi,Cabled-8_RR1713-RR1717_Discrete_Summary
fffe2293-19ad-55f4-83dd-1e97b5854063.125,2017-08-25T23:32:00,15,220.391006,0,2387713,44.36829,-124.95278,2017-08-25T23:32:00,5000,2017-08-25T23:37:00,573.822,,,,5.4288,,3.320712,,33.9779,,,,,,,,54.695871,0.02,0.134,1.13,,,,,,34.18,,,,,,,,,,,POINT (-124.95278 44.36829),ooi.ocdi.ocdi,Cabled-8_RR1713-RR1717_Discrete_Summary
fffe2293-19ad-55f4-83dd-1e97b5854063.126,2017-08-25T23:32:00,15,220.391006,0,2387713,44.36829,-124.95278,2017-08-25T23:32:00,5000,2017-08-25T23:37:00,573.822,,,,5.4288,,3.320712,,33.9779,,,,,,,,25.531098,0.008,0.044,1.16,,,,,,34.138,,,,,,,,,,,POINT (-124.95278 44.36829),ooi.ocdi.ocdi,Cabled-8_RR1713-RR1717_Discrete_Summary
fffe2293-19ad-55f4-83dd-1e97b5854063.127,2017-08-25T23:32:00,15,220.391006,0,2387713,44.36829,-124.95278,2017-08-25T23:32:00,5000,2017-08-25T23:37:00,573.822,,,,5.4288,,3.320712,,33.9779,,,,,,,,25.698512,0.007,0.038,1.16,,,,,,34.139,,,,,,,,,,,POINT (-124.95278 44.36829),ooi.ocdi.ocdi,Cabled-8_RR1713-RR1717_Discrete_Summary
